{
  "alpha": 0.0004070062996338361,
  "rho": 0.9990019601659511,
  "b_gdp": -5.957001264623524e-05,
  "b_eq": 0.0025622527441270526,
  "b_rule": 0.2149071887227402,
  "b_poly": 0.6829310787644439,
  "sigma_e": 0.025
}